path,label,face_box,eye_box
Image_creator_script/img_faces_only 2.0/masked_images/1img0_MASKED.jpg,MASKED,"[[83, 172, 331, 331]]","[[278, 260, 59, 59], [144, 268, 52, 52]]"
Image_creator_script/img_faces_only 2.0/masked_images/3img0_MASKED.jpg,MASKED,"[[121, 192, 255, 255]]","[[160, 266, 57, 57], [297, 271, 49, 49]]"
Image_creator_script/img_faces_only 2.0/masked_images/3img1_MASKED.jpg,MASKED,"[[108, 176, 288, 288]]","[[161, 271, 51, 51], [293, 274, 48, 48]]"
Image_creator_script/img_faces_only 2.0/masked_images/3img2_MASKED.jpg,MASKED,"[[113, 186, 270, 270]]","[[154, 264, 60, 60], [294, 274, 48, 48]]"
Image_creator_script/img_faces_only 2.0/masked_images/3img3_MASKED.jpg,MASKED,"[[109, 184, 274, 274]]","[[298, 277, 41, 41], [156, 266, 55, 55]]"
Image_creator_script/img_faces_only 2.0/masked_images/3img4_MASKED.jpg,MASKED,"[[107, 190, 274, 274]]","[[154, 271, 54, 54], [288, 275, 48, 48]]"
Image_creator_script/img_faces_only 2.0/masked_images/3img5_MASKED.jpg,MASKED,"[[110, 191, 263, 263]]","[[288, 276, 48, 48], [152, 271, 57, 57]]"
Image_creator_script/img_faces_only 2.0/masked_images/3img6_MASKED.jpg,MASKED,"[[109, 188, 278, 278]]","[[153, 273, 56, 56], [274, 270, 60, 60]]"
Image_creator_script/img_faces_only 2.0/masked_images/3img7_MASKED.jpg,MASKED,"[[102, 211, 268, 268]]","[[155, 289, 54, 54], [288, 293, 45, 45]]"
Image_creator_script/img_faces_only 2.0/masked_images/3img8_MASKED.jpg,MASKED,"[[104, 267, 255, 255]]","[[144, 346, 54, 54], [270, 346, 49, 49]]"
Image_creator_script/img_faces_only 2.0/masked_images/3img9_MASKED.jpg,MASKED,"[[106, 270, 255, 255]]","[[147, 348, 50, 50], [271, 347, 48, 48]]"
Image_creator_script/img_faces_only 2.0/masked_images/3img10_MASKED.jpg,MASKED,"[[98, 259, 285, 285]]","[[154, 350, 46, 46], [277, 346, 50, 50]]"
Image_creator_script/img_faces_only 2.0/masked_images/3img11_MASKED.jpg,MASKED,"[[110, 270, 255, 255]]","[[154, 344, 50, 50], [272, 341, 58, 58]]"
Image_creator_script/img_faces_only 2.0/masked_images/3img12_MASKED.jpg,MASKED,"[[106, 262, 263, 263]]","[[153, 340, 51, 51], [273, 340, 53, 53]]"
Image_creator_script/img_faces_only 2.0/masked_images/3img13_MASKED.jpg,MASKED,"[[104, 255, 255, 255]]","[[151, 324, 56, 56], [269, 327, 56, 56]]"
Image_creator_script/img_faces_only 2.0/masked_images/3img14_MASKED.jpg,MASKED,"[[111, 242, 255, 255]]","[[277, 322, 51, 51], [152, 315, 56, 56]]"
Image_creator_script/img_faces_only 2.0/masked_images/3img15_MASKED.jpg,MASKED,"[[117, 228, 255, 255]]","[[161, 309, 51, 51], [284, 311, 52, 52]]"
Image_creator_script/img_faces_only 2.0/masked_images/3img16_MASKED.jpg,MASKED,"[[119, 229, 255, 255]]","[[164, 306, 49, 49], [286, 307, 54, 54]]"
Image_creator_script/img_faces_only 2.0/masked_images/3img17_MASKED.jpg,MASKED,"[[126, 209, 266, 266]]","[[168, 292, 52, 52], [295, 296, 50, 50]]"
Image_creator_script/img_faces_only 2.0/masked_images/3img18_MASKED.jpg,MASKED,"[[129, 210, 255, 255]]","[[173, 288, 52, 52], [298, 288, 53, 53]]"
Image_creator_script/img_faces_only 2.0/masked_images/3img19_MASKED.jpg,MASKED,"[[134, 205, 255, 255]]","[[177, 285, 51, 51], [303, 287, 52, 52]]"
Image_creator_script/img_faces_only 2.0/masked_images/3img20_MASKED.jpg,MASKED,"[[124, 196, 293, 293]]","[[182, 278, 53, 53], [306, 280, 57, 57]]"
Image_creator_script/img_faces_only 2.0/masked_images/3img21_MASKED.jpg,MASKED,"[[147, 198, 255, 255]]","[[186, 275, 52, 52], [308, 279, 52, 52]]"
Image_creator_script/img_faces_only 2.0/masked_images/3img22_MASKED.jpg,MASKED,"[[132, 187, 280, 280]]","[[314, 275, 51, 51], [187, 270, 53, 53]]"
Image_creator_script/img_faces_only 2.0/masked_images/3img23_MASKED.jpg,MASKED,"[[126, 175, 277, 277]]","[[179, 262, 55, 55], [311, 263, 56, 56]]"
Image_creator_script/img_faces_only 2.0/masked_images/3img24_MASKED.jpg,MASKED,"[[116, 173, 288, 288]]","[[169, 259, 53, 53], [304, 260, 53, 53]]"
Image_creator_script/img_faces_only 2.0/masked_images/3img25_MASKED.jpg,MASKED,"[[74, 174, 293, 293]]","[[127, 264, 56, 56], [275, 267, 53, 53]]"
Image_creator_script/img_faces_only 2.0/masked_images/3img26_MASKED.jpg,MASKED,"[[62, 171, 320, 320]]","[[132, 267, 53, 53], [271, 264, 60, 60]]"
Image_creator_script/img_faces_only 2.0/masked_images/3img27_MASKED.jpg,MASKED,"[[83, 175, 306, 306]]","[[134, 268, 54, 54], [272, 263, 62, 62]]"
Image_creator_script/img_faces_only 2.0/masked_images/3img28_MASKED.jpg,MASKED,"[[87, 176, 293, 293]]","[[134, 267, 53, 53], [277, 265, 57, 57]]"
Image_creator_script/img_faces_only 2.0/masked_images/3img29_MASKED.jpg,MASKED,"[[87, 173, 302, 302]]","[[135, 264, 57, 57], [274, 263, 62, 62]]"
Image_creator_script/img_faces_only 2.0/masked_images/3img30_MASKED.jpg,MASKED,"[[84, 167, 302, 302]]","[[138, 266, 54, 54], [277, 266, 58, 58]]"
Image_creator_script/img_faces_only 2.0/masked_images/3img31_MASKED.jpg,MASKED,"[[83, 175, 297, 297]]","[[141, 265, 56, 56], [283, 269, 52, 52]]"
Image_creator_script/img_faces_only 2.0/masked_images/3img32_MASKED.jpg,MASKED,"[[92, 185, 284, 284]]","[[139, 265, 61, 61], [293, 278, 44, 44]]"
Image_creator_script/img_faces_only 2.0/masked_images/3img33_MASKED.jpg,MASKED,"[[92, 185, 278, 278]]","[[139, 264, 62, 62], [285, 272, 50, 50]]"
Image_creator_script/img_faces_only 2.0/masked_images/3img34_MASKED.jpg,MASKED,"[[94, 190, 269, 269]]","[[142, 267, 56, 56], [285, 269, 55, 55]]"
Image_creator_script/img_faces_only 2.0/masked_images/3img35_MASKED.jpg,MASKED,"[[92, 185, 284, 284]]","[[141, 269, 55, 55], [283, 272, 52, 52]]"
Image_creator_script/img_faces_only 2.0/masked_images/3img36_MASKED.jpg,MASKED,"[[95, 186, 277, 277]]","[[139, 268, 57, 57], [284, 273, 51, 51]]"
Image_creator_script/img_faces_only 2.0/masked_images/3img37_MASKED.jpg,MASKED,"[[81, 176, 298, 298]]","[[138, 267, 58, 58], [283, 268, 57, 57]]"
Image_creator_script/img_faces_only 2.0/masked_images/3img38_MASKED.jpg,MASKED,"[[87, 180, 301, 301]]","[[144, 272, 57, 57], [285, 274, 54, 54]]"
Image_creator_script/img_faces_only 2.0/masked_images/3img39_MASKED.jpg,MASKED,"[[90, 191, 290, 290]]","[[146, 276, 55, 55], [284, 279, 52, 52]]"
Image_creator_script/img_faces_only 2.0/masked_images/3img40_MASKED.jpg,MASKED,"[[108, 198, 255, 255]]","[[144, 280, 56, 56], [289, 284, 52, 52]]"
Image_creator_script/img_faces_only 2.0/masked_images/3img41_MASKED.jpg,MASKED,"[[90, 192, 290, 290]]","[[139, 285, 56, 56], [279, 286, 54, 54]]"
Image_creator_script/img_faces_only 2.0/masked_images/3img42_MASKED.jpg,MASKED,"[[98, 206, 278, 278]]","[[149, 292, 55, 55], [283, 292, 53, 53]]"
Image_creator_script/img_faces_only 2.0/masked_images/4img0_MASKED.jpg,MASKED,"[[138, 125, 218, 218]]","[[178, 187, 42, 42], [253, 184, 50, 50]]"
Image_creator_script/img_faces_only 2.0/masked_images/4img1_MASKED.jpg,MASKED,"[[139, 126, 216, 216]]","[[177, 186, 44, 44], [250, 184, 54, 54]]"
Image_creator_script/img_faces_only 2.0/masked_images/4img2_MASKED.jpg,MASKED,"[[139, 127, 214, 214]]","[[178, 188, 43, 43], [250, 186, 57, 57]]"
Image_creator_script/img_faces_only 2.0/masked_images/4img3_MASKED.jpg,MASKED,"[[136, 126, 220, 220]]","[[177, 186, 44, 44], [250, 184, 54, 54]]"
Image_creator_script/img_faces_only 2.0/masked_images/4img4_MASKED.jpg,MASKED,"[[137, 127, 218, 218]]","[[176, 185, 48, 48], [251, 182, 56, 56]]"
Image_creator_script/img_faces_only 2.0/masked_images/4img5_MASKED.jpg,MASKED,"[[138, 126, 218, 218]]","[[258, 185, 47, 47], [178, 185, 44, 44]]"
Image_creator_script/img_faces_only 2.0/masked_images/4img6_MASKED.jpg,MASKED,"[[139, 124, 220, 220]]","[[179, 186, 43, 43], [251, 182, 56, 56]]"
Image_creator_script/img_faces_only 2.0/masked_images/4img7_MASKED.jpg,MASKED,"[[140, 125, 219, 219]]","[[178, 185, 50, 50], [250, 182, 60, 60]]"
Image_creator_script/img_faces_only 2.0/masked_images/4img8_MASKED.jpg,MASKED,"[[140, 124, 216, 216]]","[[256, 184, 49, 49], [178, 186, 44, 44]]"
Image_creator_script/img_faces_only 2.0/masked_images/4img9_MASKED.jpg,MASKED,"[[139, 125, 217, 217]]","[[179, 186, 44, 44], [253, 185, 51, 51]]"
Image_creator_script/img_faces_only 2.0/masked_images/4img10_MASKED.jpg,MASKED,"[[136, 124, 223, 223]]","[[178, 185, 48, 48], [253, 184, 59, 59]]"
Image_creator_script/img_faces_only 2.0/masked_images/4img11_MASKED.jpg,MASKED,"[[140, 124, 217, 217]]","[[178, 185, 50, 50], [249, 185, 57, 57]]"
Image_creator_script/img_faces_only 2.0/masked_images/4img12_MASKED.jpg,MASKED,"[[140, 124, 217, 217]]","[[178, 185, 50, 50], [252, 183, 54, 54]]"
Image_creator_script/img_faces_only 2.0/masked_images/4img13_MASKED.jpg,MASKED,"[[137, 124, 223, 223]]","[[257, 186, 51, 51], [179, 186, 44, 44]]"
Image_creator_script/img_faces_only 2.0/masked_images/4img14_MASKED.jpg,MASKED,"[[137, 126, 223, 223]]","[[262, 188, 42, 42], [180, 187, 44, 44]]"
Image_creator_script/img_faces_only 2.0/masked_images/5img0_MASKED.jpg,MASKED,"[[66, 167, 345, 345]]","[[309, 277, 44, 44], [226, 78, 74, 74]]"
Image_creator_script/img_faces_only 2.0/masked_images/5img1_MASKED.jpg,MASKED,"[[73, 167, 331, 331]]","[[310, 267, 57, 57], [233, 102, 48, 48]]"
Image_creator_script/img_faces_only 2.0/masked_images/5img2_MASKED.jpg,MASKED,"[[70, 156, 348, 348]]","[[320, 258, 51, 51], [144, 262, 57, 57]]"
Image_creator_script/img_faces_only 2.0/no_mask_images/1img1_NO-MASKED.jpg,NO-MASKED,"[[69, 77, 334, 334]]","[[129, 184, 65, 65], [264, 176, 70, 70]]"
Image_creator_script/img_faces_only 2.0/no_mask_images/1img2_NO-MASKED.jpg,NO-MASKED,"[[76, 85, 326, 326]]","[[267, 179, 67, 67], [127, 181, 70, 70]]"
Image_creator_script/img_faces_only 2.0/no_mask_images/1img3_NO-MASKED.jpg,NO-MASKED,"[[69, 79, 345, 345]]","[[264, 178, 69, 69], [128, 185, 67, 67]]"
Image_creator_script/img_faces_only 2.0/no_mask_images/1img4_NO-MASKED.jpg,NO-MASKED,"[[71, 83, 333, 333]]","[[263, 179, 70, 70], [129, 188, 62, 62]]"
Image_creator_script/img_faces_only 2.0/no_mask_images/1img5_NO-MASKED.jpg,NO-MASKED,"[[60, 73, 352, 352]]","[[265, 182, 67, 67], [129, 188, 62, 62]]"
Image_creator_script/img_faces_only 2.0/no_mask_images/1img6_NO-MASKED.jpg,NO-MASKED,"[[60, 74, 353, 353]]","[[264, 180, 69, 69], [125, 183, 69, 69]]"
Image_creator_script/img_faces_only 2.0/no_mask_images/1img7_NO-MASKED.jpg,NO-MASKED,"[[55, 68, 366, 366]]","[[266, 182, 66, 66], [127, 185, 65, 65]]"
Image_creator_script/img_faces_only 2.0/no_mask_images/1img8_NO-MASKED.jpg,NO-MASKED,"[[67, 76, 340, 340]]","[[269, 182, 63, 63], [128, 182, 68, 68]]"
Image_creator_script/img_faces_only 2.0/no_mask_images/1img9_NO-MASKED.jpg,NO-MASKED,"[[82, 84, 318, 318]]","[[132, 183, 62, 62], [265, 178, 67, 67]]"
Image_creator_script/img_faces_only 2.0/no_mask_images/1img10_NO-MASKED.jpg,NO-MASKED,"[[67, 65, 345, 345]]","[[265, 178, 64, 64], [129, 182, 63, 63]]"
Image_creator_script/img_faces_only 2.0/no_mask_images/1img11_NO-MASKED.jpg,NO-MASKED,"[[73, 78, 316, 316]]","[[270, 181, 58, 58], [128, 179, 64, 64]]"
Image_creator_script/img_faces_only 2.0/no_mask_images/1img12_NO-MASKED.jpg,NO-MASKED,"[[58, 55, 361, 361]]","[[130, 181, 59, 59], [263, 174, 66, 66]]"
Image_creator_script/img_faces_only 2.0/no_mask_images/1img13_NO-MASKED.jpg,NO-MASKED,"[[73, 75, 312, 312]]","[[266, 173, 65, 65], [132, 176, 62, 62]]"
Image_creator_script/img_faces_only 2.0/no_mask_images/1img14_NO-MASKED.jpg,NO-MASKED,"[[73, 65, 323, 323]]","[[269, 174, 58, 58], [134, 176, 59, 59]]"
Image_creator_script/img_faces_only 2.0/no_mask_images/1img15_NO-MASKED.jpg,NO-MASKED,"[[79, 77, 305, 305]]","[[267, 175, 56, 56], [137, 176, 56, 56]]"
Image_creator_script/img_faces_only 2.0/no_mask_images/1img16_NO-MASKED.jpg,NO-MASKED,"[[70, 51, 334, 334]]","[[270, 174, 55, 55], [136, 171, 62, 62]]"
Image_creator_script/img_faces_only 2.0/no_mask_images/1img17_NO-MASKED.jpg,NO-MASKED,"[[87, 81, 309, 309]]","[[270, 183, 57, 57], [141, 183, 61, 61]]"
Image_creator_script/img_faces_only 2.0/no_mask_images/1img18_NO-MASKED.jpg,NO-MASKED,"[[86, 75, 322, 322]]","[[272, 184, 59, 59], [143, 182, 64, 64]]"
Image_creator_script/img_faces_only 2.0/no_mask_images/1img19_NO-MASKED.jpg,NO-MASKED,"[[75, 75, 333, 333]]","[[271, 186, 63, 63], [141, 185, 66, 66]]"
Image_creator_script/img_faces_only 2.0/no_mask_images/1img20_NO-MASKED.jpg,NO-MASKED,"[[86, 88, 317, 317]]","[[145, 192, 61, 61], [276, 188, 62, 62]]"
Image_creator_script/img_faces_only 2.0/no_mask_images/1img21_NO-MASKED.jpg,NO-MASKED,"[[89, 90, 317, 317]]","[[148, 197, 56, 56], [266, 183, 77, 77]]"
Image_creator_script/img_faces_only 2.0/no_mask_images/1img22_NO-MASKED.jpg,NO-MASKED,"[[79, 80, 339, 339]]","[[275, 191, 66, 66], [141, 189, 72, 72]]"
Image_creator_script/img_faces_only 2.0/no_mask_images/1img23_NO-MASKED.jpg,NO-MASKED,"[[89, 95, 323, 323]]","[[268, 188, 74, 74], [153, 206, 48, 48]]"
Image_creator_script/img_faces_only 2.0/no_mask_images/1img24_NO-MASKED.jpg,NO-MASKED,"[[88, 96, 321, 321]]","[[147, 199, 59, 59], [281, 200, 60, 60]]"
Image_creator_script/img_faces_only 2.0/no_mask_images/1img25_NO-MASKED.jpg,NO-MASKED,"[[87, 94, 323, 323]]","[[271, 194, 70, 70], [149, 201, 60, 60]]"
Image_creator_script/img_faces_only 2.0/no_mask_images/1img26_NO-MASKED.jpg,NO-MASKED,"[[86, 92, 339, 339]]","[[149, 198, 64, 64], [281, 199, 66, 66]]"
Image_creator_script/img_faces_only 2.0/no_mask_images/1img27_NO-MASKED.jpg,NO-MASKED,"[[83, 93, 340, 340]]","[[156, 203, 57, 57], [280, 197, 68, 68]]"
Image_creator_script/img_faces_only 2.0/no_mask_images/1img28_NO-MASKED.jpg,NO-MASKED,"[[83, 93, 349, 349]]","[[152, 205, 57, 57], [286, 200, 70, 70]]"
Image_creator_script/img_faces_only 2.0/no_mask_images/1img29_NO-MASKED.jpg,NO-MASKED,"[[86, 90, 352, 352]]","[[159, 205, 59, 59], [290, 203, 66, 66]]"
Image_creator_script/img_faces_only 2.0/no_mask_images/1img30_NO-MASKED.jpg,NO-MASKED,"[[82, 85, 358, 358]]","[[161, 205, 56, 56], [289, 200, 73, 73]]"
Image_creator_script/img_faces_only 2.0/no_mask_images/1img31_NO-MASKED.jpg,NO-MASKED,"[[97, 92, 343, 343]]","[[164, 200, 61, 61], [294, 199, 71, 71]]"
Image_creator_script/img_faces_only 2.0/no_mask_images/1img32_NO-MASKED.jpg,NO-MASKED,"[[117, 95, 339, 339]]","[[177, 196, 61, 61], [307, 200, 72, 72]]"
Image_creator_script/img_faces_only 2.0/no_mask_images/1img33_NO-MASKED.jpg,NO-MASKED,"[[128, 94, 331, 331]]","[[189, 189, 73, 73], [318, 204, 68, 68]]"
Image_creator_script/img_faces_only 2.0/no_mask_images/1img34_NO-MASKED.jpg,NO-MASKED,"[[133, 95, 331, 331]]","[[197, 192, 67, 67], [326, 206, 67, 67]]"
Image_creator_script/img_faces_only 2.0/no_mask_images/1img35_NO-MASKED.jpg,NO-MASKED,"[[136, 95, 331, 331]]","[[205, 191, 71, 71], [344, 217, 52, 52]]"
Image_creator_script/img_faces_only 2.0/no_mask_images/1img36_NO-MASKED.jpg,NO-MASKED,"[[136, 95, 331, 331]]","[[213, 192, 64, 64], [343, 209, 66, 66]]"
Image_creator_script/img_faces_only 2.0/no_mask_images/1img37_NO-MASKED.jpg,NO-MASKED,"[[136, 86, 331, 331]]","[[336, 198, 69, 69], [205, 184, 63, 63]]"
Image_creator_script/img_faces_only 2.0/no_mask_images/1img38_NO-MASKED.jpg,NO-MASKED,"[[148, 98, 312, 312]]","[[195, 184, 65, 65], [329, 196, 71, 71]]"
Image_creator_script/img_faces_only 2.0/no_mask_images/1img39_NO-MASKED.jpg,NO-MASKED,"[[133, 94, 319, 319]]","[[187, 184, 64, 64], [321, 197, 65, 65]]"
Image_creator_script/img_faces_only 2.0/no_mask_images/1img40_NO-MASKED.jpg,NO-MASKED,"[[113, 86, 339, 339]]","[[310, 191, 73, 73], [180, 185, 64, 64]]"
Image_creator_script/img_faces_only 2.0/no_mask_images/1img41_NO-MASKED.jpg,NO-MASKED,"[[105, 84, 333, 333]]","[[168, 184, 66, 66], [304, 187, 75, 75]]"
Image_creator_script/img_faces_only 2.0/no_mask_images/1img42_NO-MASKED.jpg,NO-MASKED,"[[104, 83, 334, 334]]","[[157, 180, 74, 74], [296, 186, 72, 72]]"
Image_creator_script/img_faces_only 2.0/no_mask_images/1img43_NO-MASKED.jpg,NO-MASKED,"[[84, 72, 356, 356]]","[[289, 185, 71, 71], [150, 182, 71, 71]]"
Image_creator_script/img_faces_only 2.0/no_mask_images/1img44_NO-MASKED.jpg,NO-MASKED,"[[74, 78, 348, 348]]","[[277, 182, 72, 72], [141, 184, 70, 70]]"
Image_creator_script/img_faces_only 2.0/no_mask_images/1img45_NO-MASKED.jpg,NO-MASKED,"[[68, 75, 350, 350]]","[[134, 187, 67, 67], [267, 180, 74, 74]]"
Image_creator_script/img_faces_only 2.0/no_mask_images/1img46_NO-MASKED.jpg,NO-MASKED,"[[62, 80, 344, 344]]","[[128, 189, 68, 68], [259, 182, 72, 72]]"
Image_creator_script/img_faces_only 2.0/no_mask_images/1img47_NO-MASKED.jpg,NO-MASKED,"[[53, 72, 353, 353]]","[[122, 188, 67, 67], [252, 180, 72, 72]]"
Image_creator_script/img_faces_only 2.0/no_mask_images/1img48_NO-MASKED.jpg,NO-MASKED,"[[56, 84, 331, 331]]","[[244, 179, 73, 73], [117, 189, 68, 68]]"
Image_creator_script/img_faces_only 2.0/no_mask_images/1img49_NO-MASKED.jpg,NO-MASKED,"[[46, 82, 341, 341]]","[[112, 190, 67, 67], [241, 182, 67, 67]]"
Image_creator_script/img_faces_only 2.0/no_mask_images/1img50_NO-MASKED.jpg,NO-MASKED,"[[54, 85, 329, 329]]","[[110, 191, 65, 65], [240, 180, 69, 69]]"
Image_creator_script/img_faces_only 2.0/no_mask_images/1img51_NO-MASKED.jpg,NO-MASKED,"[[47, 81, 333, 333]]","[[114, 196, 58, 58], [241, 181, 66, 66]]"
Image_creator_script/img_faces_only 2.0/no_mask_images/1img52_NO-MASKED.jpg,NO-MASKED,"[[55, 92, 306, 306]]","[[238, 180, 66, 66], [111, 192, 62, 62]]"
Image_creator_script/img_faces_only 2.0/no_mask_images/1img53_NO-MASKED.jpg,NO-MASKED,"[[54, 87, 311, 311]]","[[231, 176, 72, 72], [108, 194, 61, 61]]"
Image_creator_script/img_faces_only 2.0/no_mask_images/1img54_NO-MASKED.jpg,NO-MASKED,"[[49, 80, 323, 323]]","[[234, 177, 67, 67], [105, 191, 63, 63]]"
Image_creator_script/img_faces_only 2.0/no_mask_images/1img55_NO-MASKED.jpg,NO-MASKED,"[[42, 78, 320, 320]]","[[106, 191, 60, 60], [235, 179, 58, 58]]"
Image_creator_script/img_faces_only 2.0/no_mask_images/1img56_NO-MASKED.jpg,NO-MASKED,"[[62, 104, 268, 268]]","[[231, 173, 66, 66], [105, 193, 55, 55]]"
Image_creator_script/img_faces_only 2.0/no_mask_images/1img57_NO-MASKED.jpg,NO-MASKED,"[[52, 82, 293, 293]]","[[105, 191, 56, 56], [232, 176, 57, 57]]"
Image_creator_script/img_faces_only 2.0/no_mask_images/1img58_NO-MASKED.jpg,NO-MASKED,"[[54, 88, 297, 297]]","[[113, 201, 48, 48], [240, 182, 53, 53]]"
Image_creator_script/img_faces_only 2.0/no_mask_images/1img59_NO-MASKED.jpg,NO-MASKED,"[[60, 96, 280, 280]]","[[110, 194, 61, 61], [239, 184, 55, 55]]"
Image_creator_script/img_faces_only 2.0/no_mask_images/1img60_NO-MASKED.jpg,NO-MASKED,"[[52, 90, 301, 301]]","[[109, 194, 65, 65], [232, 183, 63, 63]]"
Image_creator_script/img_faces_only 2.0/no_mask_images/1img61_NO-MASKED.jpg,NO-MASKED,"[[56, 104, 290, 290]]","[[109, 201, 61, 61], [236, 188, 61, 61]]"
Image_creator_script/img_faces_only 2.0/no_mask_images/1img62_NO-MASKED.jpg,NO-MASKED,"[[54, 99, 310, 310]]","[[232, 191, 61, 61], [106, 202, 62, 62]]"
Image_creator_script/img_faces_only 2.0/no_mask_images/1img63_NO-MASKED.jpg,NO-MASKED,"[[45, 97, 324, 324]]","[[232, 191, 64, 64], [108, 206, 59, 59]]"
Image_creator_script/img_faces_only 2.0/no_mask_images/1img64_NO-MASKED.jpg,NO-MASKED,"[[49, 107, 313, 313]]","[[232, 195, 67, 67], [106, 209, 63, 63]]"
Image_creator_script/img_faces_only 2.0/no_mask_images/1img65_NO-MASKED.jpg,NO-MASKED,"[[45, 102, 325, 325]]","[[228, 194, 71, 71], [107, 211, 62, 62]]"
Image_creator_script/img_faces_only 2.0/no_mask_images/1img66_NO-MASKED.jpg,NO-MASKED,"[[40, 98, 347, 347]]","[[235, 199, 67, 67], [106, 210, 67, 67]]"
Image_creator_script/img_faces_only 2.0/no_mask_images/1img67_NO-MASKED.jpg,NO-MASKED,"[[41, 102, 341, 341]]","[[230, 199, 69, 69], [102, 212, 67, 67]]"
Image_creator_script/img_faces_only 2.0/no_mask_images/1img68_NO-MASKED.jpg,NO-MASKED,"[[37, 101, 349, 349]]","[[230, 199, 72, 72], [104, 215, 64, 64]]"
Image_creator_script/img_faces_only 2.0/no_mask_images/1img69_NO-MASKED.jpg,NO-MASKED,"[[42, 108, 339, 339]]","[[232, 202, 70, 70], [106, 217, 63, 63]]"
Image_creator_script/img_faces_only 2.0/no_mask_images/1img70_NO-MASKED.jpg,NO-MASKED,"[[48, 110, 333, 333]]","[[232, 203, 71, 71], [105, 218, 64, 64]]"
Image_creator_script/img_faces_only 2.0/no_mask_images/1img71_NO-MASKED.jpg,NO-MASKED,"[[51, 117, 319, 319]]","[[232, 203, 72, 72], [103, 214, 70, 70]]"
Image_creator_script/img_faces_only 2.0/no_mask_images/1img72_NO-MASKED.jpg,NO-MASKED,"[[44, 110, 335, 335]]","[[229, 206, 69, 69], [104, 219, 64, 64]]"
Image_creator_script/img_faces_only 2.0/no_mask_images/1img73_NO-MASKED.jpg,NO-MASKED,"[[42, 111, 340, 340]]","[[231, 204, 71, 71], [103, 220, 63, 63]]"
Image_creator_script/img_faces_only 2.0/no_mask_images/1img74_NO-MASKED.jpg,NO-MASKED,"[[37, 107, 346, 346]]","[[231, 202, 73, 73], [102, 219, 65, 65]]"
Image_creator_script/img_faces_only 2.0/no_mask_images/1img75_NO-MASKED.jpg,NO-MASKED,"[[44, 113, 334, 334]]","[[235, 209, 64, 64], [101, 218, 66, 66]]"
Image_creator_script/img_faces_only 2.0/no_mask_images/1img76_NO-MASKED.jpg,NO-MASKED,"[[45, 111, 335, 335]]","[[232, 206, 69, 69], [100, 216, 68, 68]]"
Image_creator_script/img_faces_only 2.0/no_mask_images/1img77_NO-MASKED.jpg,NO-MASKED,"[[45, 119, 322, 322]]","[[227, 203, 74, 74], [101, 219, 63, 63]]"
Image_creator_script/img_faces_only 2.0/no_mask_images/1img78_NO-MASKED.jpg,NO-MASKED,"[[47, 111, 331, 331]]","[[233, 203, 69, 69], [106, 217, 63, 63]]"
Image_creator_script/img_faces_only 2.0/no_mask_images/1img79_NO-MASKED.jpg,NO-MASKED,"[[46, 106, 343, 343]]","[[237, 202, 70, 70], [110, 213, 67, 67]]"
Image_creator_script/img_faces_only 2.0/no_mask_images/1img80_NO-MASKED.jpg,NO-MASKED,"[[42, 95, 350, 350]]","[[238, 196, 73, 73], [114, 211, 66, 66]]"
Image_creator_script/img_faces_only 2.0/no_mask_images/1img81_NO-MASKED.jpg,NO-MASKED,"[[45, 93, 357, 357]]","[[239, 196, 73, 73], [114, 208, 67, 67]]"
Image_creator_script/img_faces_only 2.0/no_mask_images/1img82_NO-MASKED.jpg,NO-MASKED,"[[59, 101, 333, 333]]","[[238, 194, 74, 74], [118, 208, 65, 65]]"
Image_creator_script/img_faces_only 2.0/no_mask_images/1img83_NO-MASKED.jpg,NO-MASKED,"[[57, 102, 323, 323]]","[[119, 206, 65, 65], [242, 192, 75, 75]]"
Image_creator_script/img_faces_only 2.0/no_mask_images/2img0_NO-MASKED.jpg,NO-MASKED,"[[115, 171, 255, 255]]","[[276, 247, 48, 48], [166, 258, 41, 41]]"
Image_creator_script/img_faces_only 2.0/no_mask_images/2img1_NO-MASKED.jpg,NO-MASKED,"[[120, 167, 250, 250]]","[[161, 251, 47, 47], [281, 243, 50, 50]]"
Image_creator_script/img_faces_only 2.0/no_mask_images/2img2_NO-MASKED.jpg,NO-MASKED,"[[118, 160, 263, 263]]","[[279, 240, 50, 50], [162, 246, 52, 52]]"
Image_creator_script/img_faces_only 2.0/no_mask_images/2img3_NO-MASKED.jpg,NO-MASKED,"[[117, 157, 266, 266]]","[[165, 247, 49, 49], [285, 240, 49, 49]]"
Image_creator_script/img_faces_only 2.0/no_mask_images/2img4_NO-MASKED.jpg,NO-MASKED,"[[124, 166, 245, 245]]","[[163, 243, 51, 51], [286, 239, 48, 48]]"
Image_creator_script/img_faces_only 2.0/no_mask_images/2img5_NO-MASKED.jpg,NO-MASKED,"[[118, 158, 263, 263]]","[[288, 238, 47, 47], [168, 243, 49, 49]]"
Image_creator_script/img_faces_only 2.0/no_mask_images/2img6_NO-MASKED.jpg,NO-MASKED,"[[120, 159, 263, 263]]","[[167, 243, 49, 49], [286, 237, 49, 49]]"
Image_creator_script/img_faces_only 2.0/no_mask_images/2img7_NO-MASKED.jpg,NO-MASKED,"[[120, 164, 255, 255]]","[[291, 239, 46, 46], [167, 243, 50, 50]]"
Image_creator_script/img_faces_only 2.0/no_mask_images/2img8_NO-MASKED.jpg,NO-MASKED,"[[129, 167, 246, 246]]","[[291, 236, 49, 49], [167, 242, 50, 50]]"
Image_creator_script/img_faces_only 2.0/no_mask_images/2img9_NO-MASKED.jpg,NO-MASKED,"[[126, 162, 255, 255]]","[[287, 234, 52, 52], [166, 241, 51, 51]]"
Image_creator_script/img_faces_only 2.0/no_mask_images/2img10_NO-MASKED.jpg,NO-MASKED,"[[134, 166, 246, 246]]","[[291, 238, 47, 47], [167, 241, 52, 52]]"
Image_creator_script/img_faces_only 2.0/no_mask_images/2img11_NO-MASKED.jpg,NO-MASKED,"[[118, 157, 266, 266]]","[[291, 238, 48, 48], [169, 243, 49, 49]]"
Image_creator_script/img_faces_only 2.0/no_mask_images/2img12_NO-MASKED.jpg,NO-MASKED,"[[123, 163, 255, 255]]","[[170, 243, 48, 48], [290, 236, 50, 50]]"
Image_creator_script/img_faces_only 2.0/no_mask_images/2img13_NO-MASKED.jpg,NO-MASKED,"[[126, 161, 257, 257]]","[[292, 238, 46, 46], [168, 241, 51, 51]]"
Image_creator_script/img_faces_only 2.0/no_mask_images/2img14_NO-MASKED.jpg,NO-MASKED,"[[132, 161, 250, 250]]","[[170, 241, 50, 50], [291, 237, 48, 48]]"
Image_creator_script/img_faces_only 2.0/no_mask_images/2img15_NO-MASKED.jpg,NO-MASKED,"[[134, 169, 242, 242]]","[[292, 237, 48, 48], [168, 241, 52, 52]]"
Image_creator_script/img_faces_only 2.0/no_mask_images/2img16_NO-MASKED.jpg,NO-MASKED,"[[118, 157, 266, 266]]","[[292, 243, 42, 42], [173, 247, 48, 48]]"
Image_creator_script/img_faces_only 2.0/no_mask_images/2img17_NO-MASKED.jpg,NO-MASKED,"[[117, 161, 255, 255]]","[[152, 245, 49, 49], [276, 243, 42, 42]]"
Image_creator_script/img_faces_only 2.0/no_mask_images/2img18_NO-MASKED.jpg,NO-MASKED,"[[112, 163, 255, 255]]","[[269, 238, 47, 47], [143, 241, 54, 54]]"
Image_creator_script/img_faces_only 2.0/no_mask_images/2img19_NO-MASKED.jpg,NO-MASKED,"[[108, 170, 238, 238]]","[[265, 242, 44, 44], [141, 244, 50, 50]]"
Image_creator_script/img_faces_only 2.0/no_mask_images/2img20_NO-MASKED.jpg,NO-MASKED,"[[101, 170, 237, 237]]","[[251, 238, 51, 51], [135, 245, 48, 48]]"
Image_creator_script/img_faces_only 2.0/no_mask_images/2img21_NO-MASKED.jpg,NO-MASKED,"[[96, 173, 230, 230]]","[[250, 239, 48, 48], [133, 246, 47, 47]]"
Image_creator_script/img_faces_only 2.0/no_mask_images/2img22_NO-MASKED.jpg,NO-MASKED,"[[103, 175, 227, 227]]","[[133, 249, 44, 44], [245, 239, 49, 49]]"
Image_creator_script/img_faces_only 2.0/no_mask_images/2img23_NO-MASKED.jpg,NO-MASKED,"[[102, 173, 228, 228]]","[[246, 241, 44, 44], [133, 249, 44, 44]]"
Image_creator_script/img_faces_only 2.0/no_mask_images/2img24_NO-MASKED.jpg,NO-MASKED,"[[183, 169, 230, 230]]","[[338, 240, 40, 40], [252, 248, 27, 27]]"
Image_creator_script/img_faces_only 2.0/no_mask_images/2img25_NO-MASKED.jpg,NO-MASKED,"[[209, 169, 213, 213]]","[[335, 228, 49, 49], [215, 227, 52, 52]]"
Image_creator_script/img_faces_only 2.0/no_mask_images/2img26_NO-MASKED.jpg,NO-MASKED,"[[199, 165, 216, 216]]","[[337, 231, 42, 42], [225, 229, 44, 44]]"
Image_creator_script/img_faces_only 2.0/no_mask_images/2img27_NO-MASKED.jpg,NO-MASKED,"[[115, 172, 253, 253]]","[[287, 246, 49, 49], [159, 257, 37, 37]]"
Image_creator_script/img_faces_only 2.0/no_mask_images/2img28_NO-MASKED.jpg,NO-MASKED,"[[123, 179, 250, 250]]","[[295, 254, 45, 45], [160, 256, 46, 46]]"
Image_creator_script/img_faces_only 2.0/no_mask_images/3img0_NO-MASKED.jpg,NO-MASKED,"[[101, 138, 331, 331]]","[[313, 252, 61, 61], [159, 243, 66, 66]]"
Image_creator_script/img_faces_only 2.0/no_mask_images/3img1_NO-MASKED.jpg,NO-MASKED,"[[97, 130, 351, 351]]","[[168, 239, 62, 62], [313, 249, 64, 64]]"
Image_creator_script/img_faces_only 2.0/no_mask_images/3img2_NO-MASKED.jpg,NO-MASKED,"[[93, 123, 358, 358]]","[[168, 240, 64, 64], [312, 249, 62, 62]]"
Image_creator_script/img_faces_only 2.0/no_mask_images/3img3_NO-MASKED.jpg,NO-MASKED,"[[101, 138, 356, 356]]","[[169, 252, 63, 63], [308, 254, 68, 68]]"
Image_creator_script/img_faces_only 2.0/no_mask_images/3img4_NO-MASKED.jpg,NO-MASKED,"[[102, 144, 335, 335]]","[[158, 251, 66, 66], [298, 251, 75, 75]]"
Image_creator_script/img_faces_only 2.0/no_mask_images/3img5_NO-MASKED.jpg,NO-MASKED,"[[59, 129, 370, 370]]","[[284, 252, 69, 69], [138, 252, 62, 62]]"
Image_creator_script/img_faces_only 2.0/no_mask_images/3img6_NO-MASKED.jpg,NO-MASKED,"[[65, 136, 357, 357]]","[[133, 248, 66, 66], [280, 249, 66, 66]]"
Image_creator_script/img_faces_only 2.0/no_mask_images/3img7_NO-MASKED.jpg,NO-MASKED,"[[50, 126, 381, 381]]","[[128, 247, 68, 68], [255, 238, 94, 94]]"
Image_creator_script/img_faces_only 2.0/no_mask_images/3img8_NO-MASKED.jpg,NO-MASKED,"[[58, 122, 377, 377]]","[[128, 244, 72, 72], [275, 245, 76, 76]]"
Image_creator_script/img_faces_only 2.0/no_mask_images/3img9_NO-MASKED.jpg,NO-MASKED,"[[90, 133, 331, 331]]","[[277, 241, 78, 78], [137, 245, 68, 68]]"
Image_creator_script/img_faces_only 2.0/no_mask_images/3img10_NO-MASKED.jpg,NO-MASKED,"[[73, 121, 380, 380]]","[[143, 244, 68, 68], [293, 243, 72, 72]]"
Image_creator_script/img_faces_only 2.0/no_mask_images/3img11_NO-MASKED.jpg,NO-MASKED,"[[124, 131, 331, 331]]","[[175, 238, 69, 69], [325, 240, 70, 70]]"
Image_creator_script/img_faces_only 2.0/no_mask_images/3img12_NO-MASKED.jpg,NO-MASKED,"[[105, 125, 353, 353]]","[[175, 238, 63, 63], [329, 239, 64, 64]]"
Image_creator_script/img_faces_only 2.0/no_mask_images/3img13_NO-MASKED.jpg,NO-MASKED,"[[120, 132, 331, 331]]","[[173, 235, 68, 68], [326, 239, 65, 65]]"
Image_creator_script/img_faces_only 2.0/no_mask_images/3img14_NO-MASKED.jpg,NO-MASKED,"[[105, 123, 353, 353]]","[[173, 233, 70, 70], [326, 239, 66, 66]]"
Image_creator_script/img_faces_only 2.0/no_mask_images/3img15_NO-MASKED.jpg,NO-MASKED,"[[117, 131, 331, 331]]","[[175, 237, 70, 70], [327, 243, 62, 62]]"
Image_creator_script/img_faces_only 2.0/no_mask_images/3img16_NO-MASKED.jpg,NO-MASKED,"[[111, 132, 346, 346]]","[[176, 242, 67, 67], [327, 245, 64, 64]]"
Image_creator_script/img_faces_only 2.0/no_mask_images/3img17_NO-MASKED.jpg,NO-MASKED,"[[103, 130, 358, 358]]","[[179, 245, 65, 65], [326, 247, 66, 66]]"
Image_creator_script/img_faces_only 2.0/no_mask_images/3img18_NO-MASKED.jpg,NO-MASKED,"[[115, 138, 341, 341]]","[[182, 249, 63, 63], [332, 252, 58, 58]]"
Image_creator_script/img_faces_only 2.0/no_mask_images/3img19_NO-MASKED.jpg,NO-MASKED,"[[107, 140, 348, 348]]","[[177, 252, 65, 65], [322, 251, 66, 66]]"
Image_creator_script/img_faces_only 2.0/no_mask_images/3img20_NO-MASKED.jpg,NO-MASKED,"[[94, 145, 357, 357]]","[[173, 258, 65, 65], [326, 264, 57, 57]]"
Image_creator_script/img_faces_only 2.0/no_mask_images/3img21_NO-MASKED.jpg,NO-MASKED,"[[102, 158, 335, 335]]","[[316, 268, 56, 56], [162, 265, 62, 62]]"
Image_creator_script/img_faces_only 2.0/no_mask_images/3img22_NO-MASKED.jpg,NO-MASKED,"[[88, 156, 348, 348]]","[[161, 266, 63, 63], [299, 265, 66, 66]]"
Image_creator_script/img_faces_only 2.0/no_mask_images/3img23_NO-MASKED.jpg,NO-MASKED,"[[86, 150, 359, 359]]","[[304, 269, 62, 62], [163, 269, 60, 60]]"
Image_creator_script/img_faces_only 2.0/no_mask_images/3img24_NO-MASKED.jpg,NO-MASKED,"[[96, 157, 346, 346]]","[[167, 267, 61, 61], [313, 271, 58, 58]]"
Image_creator_script/img_faces_only 2.0/no_mask_images/3img25_NO-MASKED.jpg,NO-MASKED,"[[83, 151, 367, 367]]","[[306, 275, 60, 60], [162, 268, 64, 64]]"
Image_creator_script/img_faces_only 2.0/no_mask_images/3img26_NO-MASKED.jpg,NO-MASKED,"[[86, 158, 350, 350]]","[[157, 269, 62, 62], [294, 269, 73, 73]]"
Image_creator_script/img_faces_only 2.0/no_mask_images/3img27_NO-MASKED.jpg,NO-MASKED,"[[74, 157, 355, 355]]","[[152, 268, 67, 67], [299, 275, 58, 58]]"
Image_creator_script/img_faces_only 2.0/no_mask_images/3img28_NO-MASKED.jpg,NO-MASKED,"[[81, 160, 351, 351]]","[[154, 274, 60, 60], [292, 275, 64, 64]]"
Image_creator_script/img_faces_only 2.0/no_mask_images/3img29_NO-MASKED.jpg,NO-MASKED,"[[78, 167, 354, 354]]","[[156, 280, 58, 58], [293, 280, 63, 63]]"
Image_creator_script/img_faces_only 2.0/no_mask_images/3img30_NO-MASKED.jpg,NO-MASKED,"[[89, 167, 351, 351]]","[[303, 284, 60, 60], [158, 277, 63, 63]]"
Image_creator_script/img_faces_only 2.0/no_mask_images/3img31_NO-MASKED.jpg,NO-MASKED,"[[106, 171, 329, 329]]","[[163, 270, 68, 68], [301, 278, 67, 67]]"
Image_creator_script/img_faces_only 2.0/no_mask_images/3img32_NO-MASKED.jpg,NO-MASKED,"[[100, 166, 342, 342]]","[[170, 275, 59, 59], [303, 276, 67, 67]]"
Image_creator_script/img_faces_only 2.0/no_mask_images/3img33_NO-MASKED.jpg,NO-MASKED,"[[103, 159, 337, 337]]","[[312, 273, 63, 63], [174, 268, 62, 62]]"
Image_creator_script/img_faces_only 2.0/no_mask_images/3img34_NO-MASKED.jpg,NO-MASKED,"[[94, 149, 356, 356]]","[[173, 268, 58, 58], [307, 269, 67, 67]]"
Image_creator_script/img_faces_only 2.0/no_mask_images/3img35_NO-MASKED.jpg,NO-MASKED,"[[105, 158, 337, 337]]","[[172, 267, 60, 60], [307, 267, 69, 69]]"
Image_creator_script/img_faces_only 2.0/no_mask_images/3img36_NO-MASKED.jpg,NO-MASKED,"[[110, 163, 328, 328]]","[[168, 264, 67, 67], [307, 269, 65, 65]]"
Image_creator_script/img_faces_only 2.0/no_mask_images/3img37_NO-MASKED.jpg,NO-MASKED,"[[114, 166, 322, 322]]","[[168, 264, 67, 67], [301, 266, 70, 70]]"
Image_creator_script/img_faces_only 2.0/no_mask_images/4img0_NO-MASKED.jpg,NO-MASKED,"[[128, 156, 213, 213]]","[[252, 226, 37, 37], [171, 223, 44, 44]]"
Image_creator_script/img_faces_only 2.0/no_mask_images/4img1_NO-MASKED.jpg,NO-MASKED,"[[130, 157, 212, 212]]","[[254, 225, 38, 38], [171, 222, 40, 40]]"
Image_creator_script/img_faces_only 2.0/no_mask_images/4img2_NO-MASKED.jpg,NO-MASKED,"[[132, 160, 212, 212]]","[[251, 224, 38, 38], [170, 222, 44, 44]]"
Image_creator_script/img_faces_only 2.0/no_mask_images/4img3_NO-MASKED.jpg,NO-MASKED,"[[129, 156, 213, 213]]","[[250, 223, 41, 41], [170, 223, 44, 44]]"
Image_creator_script/img_faces_only 2.0/no_mask_images/4img4_NO-MASKED.jpg,NO-MASKED,"[[131, 165, 209, 209]]","[[251, 231, 36, 36], [174, 229, 40, 40]]"
Image_creator_script/img_faces_only 2.0/no_mask_images/4img5_NO-MASKED.jpg,NO-MASKED,"[[137, 184, 219, 219]]","[[197, 260, 22, 22], [239, 343, 23, 23]]"
Image_creator_script/img_faces_only 2.0/no_mask_images/4img6_NO-MASKED.jpg,NO-MASKED,"[[133, 183, 226, 226]]","[[192, 261, 23, 23], [257, 248, 48, 48]]"
Image_creator_script/img_faces_only 2.0/no_mask_images/4img7_NO-MASKED.jpg,NO-MASKED,"[[129, 182, 227, 227]]","[[194, 262, 22, 22], [256, 249, 48, 48]]"
Image_creator_script/img_faces_only 2.0/no_mask_images/4img8_NO-MASKED.jpg,NO-MASKED,"[[134, 182, 224, 224]]","[[184, 266, 22, 22], [255, 251, 49, 49]]"
Image_creator_script/img_faces_only 2.0/no_mask_images/4img9_NO-MASKED.jpg,NO-MASKED,"[[136, 187, 219, 219]]","[[258, 255, 41, 41], [176, 253, 49, 49]]"
Image_creator_script/img_faces_only 2.0/no_mask_images/4img10_NO-MASKED.jpg,NO-MASKED,"[[131, 188, 221, 221]]","[[177, 266, 26, 26], [257, 254, 46, 46]]"
Image_creator_script/img_faces_only 2.0/no_mask_images/4img11_NO-MASKED.jpg,NO-MASKED,"[[137, 190, 217, 217]]","[[255, 253, 44, 44], [172, 247, 56, 56]]"
Image_creator_script/img_faces_only 2.0/no_mask_images/4img12_NO-MASKED.jpg,NO-MASKED,"[[139, 191, 214, 214]]","[[190, 263, 28, 28], [180, 268, 24, 24]]"
Image_creator_script/img_faces_only 2.0/no_mask_images/4img13_NO-MASKED.jpg,NO-MASKED,"[[137, 187, 218, 218]]","[[180, 255, 44, 44], [173, 7, 51, 51]]"
Image_creator_script/img_faces_only 2.0/no_mask_images/4img14_NO-MASKED.jpg,NO-MASKED,"[[137, 187, 217, 217]]","[[257, 250, 51, 51], [174, 6, 52, 52]]"
Image_creator_script/img_faces_only 2.0/no_mask_images/4img15_NO-MASKED.jpg,NO-MASKED,"[[136, 191, 217, 217]]","[[175, 10, 51, 51], [254, 253, 48, 48]]"
Image_creator_script/img_faces_only 2.0/no_mask_images/4img16_NO-MASKED.jpg,NO-MASKED,"[[138, 188, 217, 217]]","[[190, 267, 24, 24], [177, 13, 50, 50]]"
Image_creator_script/img_faces_only 2.0/no_mask_images/4img17_NO-MASKED.jpg,NO-MASKED,"[[137, 189, 217, 217]]","[[191, 268, 23, 23], [257, 253, 48, 48]]"
Image_creator_script/img_faces_only 2.0/no_mask_images/4img18_NO-MASKED.jpg,NO-MASKED,"[[139, 190, 215, 215]]","[[192, 266, 26, 26], [178, 252, 48, 48]]"
Image_creator_script/img_faces_only 2.0/no_mask_images/4img19_NO-MASKED.jpg,NO-MASKED,"[[139, 188, 217, 217]]","[[197, 266, 22, 22], [178, 14, 50, 50]]"
Image_creator_script/img_faces_only 2.0/no_mask_images/4img20_NO-MASKED.jpg,NO-MASKED,"[[144, 192, 206, 206]]","[[180, 17, 50, 50], [257, 250, 53, 53]]"
Image_creator_script/img_faces_only 2.0/no_mask_images/4img21_NO-MASKED.jpg,NO-MASKED,"[[143, 192, 206, 206]]","[[181, 15, 56, 56], [256, 250, 55, 55]]"
Image_creator_script/img_faces_only 2.0/no_mask_images/4img22_NO-MASKED.jpg,NO-MASKED,"[[145, 192, 210, 210]]","[[180, 18, 50, 50], [256, 249, 55, 55]]"
Image_creator_script/img_faces_only 2.0/no_mask_images/4img23_NO-MASKED.jpg,NO-MASKED,"[[143, 188, 216, 216]]","[[194, 265, 25, 25], [184, 20, 48, 48]]"
Image_creator_script/img_faces_only 2.0/no_mask_images/4img24_NO-MASKED.jpg,NO-MASKED,"[[147, 192, 211, 211]]","[[265, 252, 46, 46], [188, 25, 49, 49]]"
Image_creator_script/img_faces_only 2.0/no_mask_images/4img25_NO-MASKED.jpg,NO-MASKED,"[[147, 190, 216, 216]]","[[199, 267, 26, 26], [190, 25, 53, 53]]"
Image_creator_script/img_faces_only 2.0/no_mask_images/5img0_NO-MASKED.jpg,NO-MASKED,"[[71, 109, 367, 367]]","[[149, 225, 70, 70], [297, 224, 68, 68]]"
Image_creator_script/img_faces_only 2.0/no_mask_images/5img1_NO-MASKED.jpg,NO-MASKED,"[[70, 111, 364, 364]]","[[295, 228, 67, 67], [140, 226, 75, 75]]"
Image_creator_script/img_faces_only 2.0/no_mask_images/5img2_NO-MASKED.jpg,NO-MASKED,"[[65, 121, 354, 354]]","[[141, 239, 62, 62], [289, 229, 71, 71]]"
Image_creator_script/img_faces_only 2.0/no_mask_images/5img3_NO-MASKED.jpg,NO-MASKED,"[[68, 129, 349, 349]]","[[270, 238, 67, 67], [129, 245, 70, 70]]"
Image_creator_script/img_faces_only 2.0/no_mask_images/5img4_NO-MASKED.jpg,NO-MASKED,"[[61, 158, 316, 316]]","[[262, 249, 67, 67], [121, 260, 63, 63]]"
Image_creator_script/img_faces_only 2.0/no_mask_images/5img5_NO-MASKED.jpg,NO-MASKED,"[[61, 159, 331, 331]]","[[127, 271, 55, 55], [268, 250, 73, 73]]"
Image_creator_script/img_faces_only 2.0/no_mask_images/5img6_NO-MASKED.jpg,NO-MASKED,"[[61, 154, 341, 341]]","[[130, 273, 58, 58], [263, 256, 72, 72]]"
Image_creator_script/img_faces_only 2.0/no_mask_images/5img7_NO-MASKED.jpg,NO-MASKED,"[[93, 183, 290, 290]]","[[276, 263, 68, 68], [134, 270, 67, 67]]"
Image_creator_script/img_faces_only 2.0/no_mask_images/5img8_NO-MASKED.jpg,NO-MASKED,"[[96, 168, 311, 311]]","[[284, 259, 70, 70], [143, 267, 70, 70]]"
Image_creator_script/img_faces_only 2.0/no_mask_images/5img9_NO-MASKED.jpg,NO-MASKED,"[[101, 169, 309, 309]]","[[289, 260, 68, 68], [153, 268, 64, 64]]"
Image_creator_script/img_faces_only 2.0/no_mask_images/5img10_NO-MASKED.jpg,NO-MASKED,"[[101, 149, 331, 331]]","[[298, 261, 58, 58], [177, 272, 44, 44]]"
Image_creator_script/img_faces_only 2.0/no_mask_images/5img11_NO-MASKED.jpg,NO-MASKED,"[[142, 154, 306, 306]]","[[329, 253, 61, 61], [212, 257, 48, 48]]"
Image_creator_script/img_faces_only 2.0/no_mask_images/5img12_NO-MASKED.jpg,NO-MASKED,"[[154, 154, 293, 293]]","[[214, 251, 52, 52], [334, 247, 63, 63]]"
Image_creator_script/img_faces_only 2.0/no_mask_images/5img13_NO-MASKED.jpg,NO-MASKED,"[[161, 161, 277, 277]]","[[215, 248, 61, 61], [339, 250, 60, 60]]"
Image_creator_script/img_faces_only 2.0/no_mask_images/5img14_NO-MASKED.jpg,NO-MASKED,"[[166, 163, 272, 272]]","[[346, 250, 59, 59], [222, 247, 57, 57]]"
Image_creator_script/img_faces_only 2.0/no_mask_images/5img15_NO-MASKED.jpg,NO-MASKED,"[[175, 153, 283, 283]]","[[353, 246, 57, 57], [231, 242, 55, 55]]"
Image_creator_script/img_faces_only 2.0/no_mask_images/5img16_NO-MASKED.jpg,NO-MASKED,"[[180, 158, 270, 270]]","[[354, 243, 59, 59], [233, 242, 57, 57]]"
Image_creator_script/img_faces_only 2.0/no_mask_images/5img17_NO-MASKED.jpg,NO-MASKED,"[[173, 161, 264, 264]]","[[238, 246, 54, 54], [353, 249, 55, 55]]"
Image_creator_script/img_faces_only 2.0/no_mask_images/5img18_NO-MASKED.jpg,NO-MASKED,"[[180, 159, 268, 268]]","[[236, 245, 53, 53], [354, 249, 55, 55]]"
Image_creator_script/img_faces_only 2.0/no_mask_images/5img19_NO-MASKED.jpg,NO-MASKED,"[[188, 163, 261, 261]]","[[226, 236, 68, 68], [355, 249, 54, 54]]"
Image_creator_script/img_faces_only 2.0/no_mask_images/5img20_NO-MASKED.jpg,NO-MASKED,"[[193, 165, 255, 255]]","[[354, 250, 53, 53], [232, 241, 64, 64]]"
Image_creator_script/img_faces_only 2.0/no_mask_images/5img21_NO-MASKED.jpg,NO-MASKED,"[[177, 157, 273, 273]]","[[349, 248, 57, 57], [229, 242, 62, 62]]"
Image_creator_script/img_faces_only 2.0/no_mask_images/5img22_NO-MASKED.jpg,NO-MASKED,"[[161, 153, 282, 282]]","[[336, 250, 54, 54], [218, 243, 59, 59]]"
Image_creator_script/img_faces_only 2.0/no_mask_images/5img23_NO-MASKED.jpg,NO-MASKED,"[[151, 151, 288, 288]]","[[331, 249, 54, 54], [213, 244, 59, 59]]"
Image_creator_script/img_faces_only 2.0/no_mask_images/5img24_NO-MASKED.jpg,NO-MASKED,"[[161, 151, 285, 285]]","[[209, 243, 57, 57], [327, 246, 55, 55]]"
Image_creator_script/img_faces_only 2.0/no_mask_images/5img25_NO-MASKED.jpg,NO-MASKED,"[[156, 149, 284, 284]]","[[321, 249, 53, 53], [206, 243, 55, 55]]"
Image_creator_script/img_faces_only 2.0/no_mask_images/5img26_NO-MASKED.jpg,NO-MASKED,"[[145, 150, 284, 284]]","[[315, 247, 57, 57], [189, 239, 67, 67]]"
Image_creator_script/img_faces_only 2.0/no_mask_images/5img27_NO-MASKED.jpg,NO-MASKED,"[[130, 150, 290, 290]]","[[309, 249, 53, 53], [181, 241, 64, 64]]"
Image_creator_script/img_faces_only 2.0/no_mask_images/5img28_NO-MASKED.jpg,NO-MASKED,"[[125, 149, 290, 290]]","[[186, 238, 59, 59], [299, 242, 56, 56]]"
Image_creator_script/img_faces_only 2.0/no_mask_images/5img29_NO-MASKED.jpg,NO-MASKED,"[[129, 149, 289, 289]]","[[297, 243, 55, 55], [171, 229, 73, 73]]"
Image_creator_script/img_faces_only 2.0/no_mask_images/5img30_NO-MASKED.jpg,NO-MASKED,"[[118, 151, 290, 290]]","[[172, 242, 58, 58], [293, 245, 57, 57]]"
Image_creator_script/img_faces_only 2.0/no_mask_images/5img31_NO-MASKED.jpg,NO-MASKED,"[[101, 143, 325, 325]]","[[288, 245, 59, 59], [161, 243, 64, 64]]"
Image_creator_script/img_faces_only 2.0/no_mask_images/5img32_NO-MASKED.jpg,NO-MASKED,"[[104, 153, 295, 295]]","[[153, 237, 73, 73], [280, 243, 64, 64]]"
Image_creator_script/img_faces_only 2.0/no_mask_images/5img33_NO-MASKED.jpg,NO-MASKED,"[[88, 147, 321, 321]]","[[154, 246, 61, 61], [280, 248, 57, 57]]"
Image_creator_script/img_faces_only 2.0/no_mask_images/5img34_NO-MASKED.jpg,NO-MASKED,"[[97, 165, 298, 298]]","[[278, 255, 57, 57], [153, 259, 56, 56]]"
Image_creator_script/img_faces_only 2.0/no_mask_images/5img35_NO-MASKED.jpg,NO-MASKED,"[[89, 170, 302, 302]]","[[277, 261, 57, 57], [155, 268, 49, 49]]"
Image_creator_script/img_faces_only 2.0/no_mask_images/5img36_NO-MASKED.jpg,NO-MASKED,"[[82, 183, 320, 320]]","[[278, 276, 58, 58], [148, 284, 53, 53]]"
Image_creator_script/img_faces_only 2.0/no_mask_images/5img37_NO-MASKED.jpg,NO-MASKED,"[[74, 200, 323, 323]]","[[281, 293, 56, 56], [146, 303, 48, 48]]"
Image_creator_script/img_faces_only 2.0/no_mask_images/5img38_NO-MASKED.jpg,NO-MASKED,"[[63, 202, 348, 348]]","[[280, 297, 62, 62], [143, 308, 51, 51]]"
Image_creator_script/img_faces_only 2.0/no_mask_images/5img39_NO-MASKED.jpg,NO-MASKED,"[[92, 178, 348, 348]]","[[313, 277, 60, 60], [171, 284, 52, 52]]"
Image_creator_script/img_faces_only 2.0/no_mask_images/5img40_NO-MASKED.jpg,NO-MASKED,"[[109, 182, 309, 309]]","[[174, 276, 50, 50], [307, 267, 62, 62]]"
Image_creator_script/img_faces_only 2.0/no_mask_images/5img41_NO-MASKED.jpg,NO-MASKED,"[[85, 156, 359, 359]]","[[304, 265, 62, 62], [169, 273, 52, 52]]"
Image_creator_script/img_faces_only 2.0/no_mask_images/5img42_NO-MASKED.jpg,NO-MASKED,"[[110, 172, 289, 289]]","[[291, 252, 63, 63], [161, 262, 55, 55]]"
Image_creator_script/img_faces_only 2.0/no_mask_images/5img43_NO-MASKED.jpg,NO-MASKED,"[[105, 163, 306, 306]]","[[297, 254, 61, 61], [137, 271, 41, 41]]"
Image_creator_script/img_faces_only 2.0/no_mask_images/5img44_NO-MASKED.jpg,NO-MASKED,"[[111, 170, 296, 296]]","[[299, 259, 57, 57], [153, 256, 66, 66]]"
Image_creator_script/img_faces_only 2.0/no_mask_images/5img45_NO-MASKED.jpg,NO-MASKED,"[[106, 162, 306, 306]]","[[298, 256, 56, 56], [165, 264, 50, 50]]"
Image_creator_script/img_faces_only 2.0/no_mask_images/5img46_NO-MASKED.jpg,NO-MASKED,"[[109, 166, 298, 298]]","[[295, 256, 56, 56], [139, 271, 44, 44]]"
Image_creator_script/img_faces_only 2.0/no_mask_images/5img47_NO-MASKED.jpg,NO-MASKED,"[[109, 169, 288, 288]]","[[291, 253, 60, 60], [138, 271, 41, 41]]"
Image_creator_script/img_faces_only 2.0/no_mask_images/5img48_NO-MASKED.jpg,NO-MASKED,"[[100, 164, 299, 299]]","[[288, 254, 55, 55], [135, 267, 44, 44]]"
Image_creator_script/img_faces_only 2.0/no_mask_images/5img49_NO-MASKED.jpg,NO-MASKED,"[[89, 157, 312, 312]]","[[159, 267, 47, 47], [287, 255, 53, 53]]"
Image_creator_script/img_faces_only 2.0/no_mask_images/5img50_NO-MASKED.jpg,NO-MASKED,"[[99, 162, 299, 299]]","[[284, 257, 54, 54], [159, 269, 48, 48]]"
Image_creator_script/img_faces_only 2.0/no_mask_images/5img51_NO-MASKED.jpg,NO-MASKED,"[[142, 169, 286, 286]]","[[323, 261, 53, 53], [188, 268, 50, 50]]"
Image_creator_script/img_faces_only 2.0/no_mask_images/6img0_NO-MASKED.jpg,NO-MASKED,"[[97, 138, 331, 331]]","[[283, 225, 82, 82], [130, 234, 90, 90]]"
Image_creator_script/img_faces_only 2.0/no_mask_images/6img1_NO-MASKED.jpg,NO-MASKED,"[[113, 125, 331, 331]]","[[305, 214, 82, 82], [148, 227, 79, 79]]"
Image_creator_script/img_faces_only 2.0/no_mask_images/6img2_NO-MASKED.jpg,NO-MASKED,"[[110, 115, 331, 331]]","[[301, 210, 78, 78], [147, 215, 89, 89]]"
Image_creator_script/img_faces_only 2.0/no_mask_images/6img3_NO-MASKED.jpg,NO-MASKED,"[[124, 112, 331, 331]]","[[311, 195, 92, 92], [147, 196, 102, 102]]"
Image_creator_script/img_faces_only 2.0/no_mask_images/6img4_NO-MASKED.jpg,NO-MASKED,"[[121, 114, 331, 331]]","[[307, 204, 79, 79], [149, 204, 100, 100]]"
Image_creator_script/img_faces_only 2.0/no_mask_images/6img5_NO-MASKED.jpg,NO-MASKED,"[[126, 107, 331, 331]]","[[321, 199, 78, 78], [147, 188, 103, 103]]"
Image_creator_script/img_faces_only 2.0/no_mask_images/6img6_NO-MASKED.jpg,NO-MASKED,"[[90, 123, 361, 361]]","[[139, 218, 99, 99], [315, 227, 75, 75]]"
Image_creator_script/img_faces_only 2.0/no_mask_images/6img7_NO-MASKED.jpg,NO-MASKED,"[[83, 138, 364, 364]]","[[311, 239, 79, 79], [144, 239, 90, 90]]"
Image_creator_script/img_faces_only 2.0/no_mask_images/6img8_NO-MASKED.jpg,NO-MASKED,"[[71, 152, 364, 364]]","[[297, 250, 81, 81], [131, 248, 94, 94]]"
Image_creator_script/img_faces_only 2.0/no_mask_images/6img9_NO-MASKED.jpg,NO-MASKED,"[[96, 158, 353, 353]]","[[300, 256, 82, 82], [138, 256, 92, 92]]"
Image_creator_script/img_faces_only 2.0/no_mask_images/6img10_NO-MASKED.jpg,NO-MASKED,"[[99, 161, 331, 331]]","[[300, 254, 86, 86], [135, 253, 96, 96]]"
Image_creator_script/img_faces_only 2.0/no_mask_images/6img11_NO-MASKED.jpg,NO-MASKED,"[[74, 161, 368, 368]]","[[119, 256, 103, 103], [295, 258, 94, 94]]"
Image_creator_script/img_faces_only 2.0/no_mask_images/6img12_NO-MASKED.jpg,NO-MASKED,"[[74, 171, 359, 359]]","[[288, 264, 86, 86], [124, 268, 95, 95]]"
Image_creator_script/img_faces_only 2.0/no_mask_images/6img13_NO-MASKED.jpg,NO-MASKED,"[[69, 177, 353, 353]]","[[276, 267, 91, 91], [112, 272, 97, 97]]"
Image_creator_script/img_faces_only 2.0/no_mask_images/6img14_NO-MASKED.jpg,NO-MASKED,"[[61, 173, 348, 348]]","[[266, 258, 92, 92], [107, 265, 94, 94]]"
Image_creator_script/img_faces_only 2.0/no_mask_images/6img15_NO-MASKED.jpg,NO-MASKED,"[[68, 154, 364, 364]]","[[279, 252, 88, 88], [117, 262, 91, 91]]"
Image_creator_script/img_faces_only 2.0/no_mask_images/6img16_NO-MASKED.jpg,NO-MASKED,"[[53, 149, 371, 371]]","[[264, 245, 92, 92], [102, 260, 89, 89]]"
Image_creator_script/img_faces_only 2.0/no_mask_images/6img17_NO-MASKED.jpg,NO-MASKED,"[[78, 150, 342, 342]]","[[118, 256, 80, 80], [274, 237, 95, 95]]"
Image_creator_script/img_faces_only 2.0/no_mask_images/6img18_NO-MASKED.jpg,NO-MASKED,"[[64, 141, 357, 357]]","[[268, 230, 92, 92], [112, 251, 82, 82]]"
Image_creator_script/img_faces_only 2.0/no_mask_images/6img19_NO-MASKED.jpg,NO-MASKED,"[[63, 137, 368, 368]]","[[269, 234, 86, 86], [113, 250, 84, 84]]"
Image_creator_script/img_faces_only 2.0/no_mask_images/6img20_NO-MASKED.jpg,NO-MASKED,"[[68, 145, 340, 340]]","[[267, 227, 90, 90], [120, 253, 72, 72]]"
Image_creator_script/img_faces_only 2.0/no_mask_images/6img21_NO-MASKED.jpg,NO-MASKED,"[[75, 130, 331, 331]]","[[278, 214, 92, 92], [130, 238, 78, 78]]"
Image_creator_script/img_faces_only 2.0/no_mask_images/6img22_NO-MASKED.jpg,NO-MASKED,"[[75, 118, 354, 354]]","[[294, 216, 81, 81], [141, 232, 70, 70]]"
Image_creator_script/img_faces_only 2.0/no_mask_images/6img23_NO-MASKED.jpg,NO-MASKED,"[[82, 120, 352, 352]]","[[143, 233, 68, 68], [293, 210, 86, 86]]"
Image_creator_script/img_faces_only 2.0/no_mask_images/6img24_NO-MASKED.jpg,NO-MASKED,"[[74, 124, 356, 356]]","[[145, 236, 71, 71], [289, 217, 86, 86]]"
Image_creator_script/img_faces_only 2.0/no_mask_images/6img25_NO-MASKED.jpg,NO-MASKED,"[[81, 124, 357, 357]]","[[150, 235, 74, 74], [291, 217, 84, 84]]"
Image_creator_script/img_faces_only 2.0/no_mask_images/6img26_NO-MASKED.jpg,NO-MASKED,"[[92, 132, 341, 341]]","[[299, 217, 84, 84], [150, 236, 72, 72]]"
Image_creator_script/img_faces_only 2.0/no_mask_images/6img27_NO-MASKED.jpg,NO-MASKED,"[[79, 124, 356, 356]]","[[136, 231, 84, 84], [292, 216, 83, 83]]"
Image_creator_script/img_faces_only 2.0/no_mask_images/6img28_NO-MASKED.jpg,NO-MASKED,"[[67, 117, 364, 364]]","[[288, 212, 84, 84], [137, 228, 81, 81]]"
Image_creator_script/img_faces_only 2.0/no_mask_images/6img29_NO-MASKED.jpg,NO-MASKED,"[[69, 114, 364, 364]]","[[275, 205, 92, 92], [135, 227, 76, 76]]"
Image_creator_script/img_faces_only 2.0/no_mask_images/6img30_NO-MASKED.jpg,NO-MASKED,"[[85, 128, 341, 341]]","[[128, 237, 72, 72], [277, 213, 87, 87]]"
Image_creator_script/img_faces_only 2.0/no_mask_images/6img31_NO-MASKED.jpg,NO-MASKED,"[[89, 133, 345, 345]]","[[272, 214, 91, 91], [122, 237, 80, 80]]"
Image_creator_script/img_faces_only 2.0/no_mask_images/6img32_NO-MASKED.jpg,NO-MASKED,"[[67, 138, 351, 351]]","[[269, 225, 87, 87], [122, 244, 77, 77]]"
Image_creator_script/img_faces_only 2.0/no_mask_images/6img33_NO-MASKED.jpg,NO-MASKED,"[[100, 142, 331, 331]]","[[281, 224, 83, 83], [136, 242, 74, 74]]"
Image_creator_script/img_faces_only 2.0/no_mask_images/6img34_NO-MASKED.jpg,NO-MASKED,"[[102, 132, 345, 345]]","[[287, 221, 85, 85], [129, 236, 83, 83]]"
Image_creator_script/img_faces_only 2.0/no_mask_images/6img35_NO-MASKED.jpg,NO-MASKED,"[[105, 125, 353, 353]]","[[306, 218, 84, 84], [150, 230, 77, 77]]"
Image_creator_script/img_faces_only 2.0/no_mask_images/6img36_NO-MASKED.jpg,NO-MASKED,"[[114, 125, 345, 345]]","[[304, 217, 80, 80], [150, 230, 78, 78]]"
Image_creator_script/img_faces_only 2.0/no_mask_images/6img37_NO-MASKED.jpg,NO-MASKED,"[[124, 140, 331, 331]]","[[294, 215, 95, 95], [125, 229, 100, 100]]"
Image_creator_script/img_faces_only 2.0/no_mask_images/6img38_NO-MASKED.jpg,NO-MASKED,"[[118, 150, 331, 331]]","[[316, 242, 80, 80], [168, 259, 75, 75]]"
Image_creator_script/img_faces_only 2.0/no_mask_images/6img39_NO-MASKED.jpg,NO-MASKED,"[[124, 161, 331, 331]]","[[327, 259, 70, 70], [166, 266, 78, 78]]"
Image_creator_script/img_faces_only 2.0/no_mask_images/6img40_NO-MASKED.jpg,NO-MASKED,"[[114, 206, 334, 334]]","[[308, 300, 65, 65], [147, 305, 77, 77]]"
Image_creator_script/img_faces_only 2.0/no_mask_images/6img41_NO-MASKED.jpg,NO-MASKED,"[[106, 212, 318, 318]]","[[143, 304, 78, 78], [295, 298, 71, 71]]"
Image_creator_script/img_faces_only 2.0/badly_masked_images/1img1_BADLY_MASKED.jpg,BADLY_MASKED,"[[99, 115, 331, 331]]","[[319, 214, 56, 56], [169, 218, 67, 67]]"
Image_creator_script/img_faces_only 2.0/badly_masked_images/1img2_BADLY_MASKED.jpg,BADLY_MASKED,"[[41, 131, 331, 331]]","[[251, 223, 74, 74], [111, 245, 67, 67]]"
Image_creator_script/img_faces_only 2.0/badly_masked_images/1img3_BADLY_MASKED.jpg,BADLY_MASKED,"[[46, 126, 331, 331]]","[[255, 216, 79, 79], [122, 246, 55, 55]]"
Image_creator_script/img_faces_only 2.0/badly_masked_images/1img4_BADLY_MASKED.jpg,BADLY_MASKED,"[[76, 117, 331, 331]]","[[278, 208, 78, 78], [140, 230, 69, 69]]"
Image_creator_script/img_faces_only 2.0/badly_masked_images/1img5_BADLY_MASKED.jpg,BADLY_MASKED,"[[62, 104, 358, 358]]","[[279, 206, 77, 77], [138, 232, 62, 62]]"
Image_creator_script/img_faces_only 2.0/badly_masked_images/1img6_BADLY_MASKED.jpg,BADLY_MASKED,"[[76, 117, 331, 331]]","[[278, 211, 69, 69], [137, 235, 60, 60]]"
Image_creator_script/img_faces_only 2.0/badly_masked_images/1img7_BADLY_MASKED.jpg,BADLY_MASKED,"[[61, 108, 348, 348]]","[[285, 206, 78, 78], [139, 230, 65, 65]]"
Image_creator_script/img_faces_only 2.0/badly_masked_images/1img8_BADLY_MASKED.jpg,BADLY_MASKED,"[[83, 78, 359, 359]]","[[305, 186, 71, 71], [150, 199, 73, 73]]"
Image_creator_script/img_faces_only 2.0/badly_masked_images/1img9_BADLY_MASKED.jpg,BADLY_MASKED,"[[89, 89, 345, 345]]","[[313, 192, 64, 64], [155, 198, 75, 75]]"
Image_creator_script/img_faces_only 2.0/badly_masked_images/1img10_BADLY_MASKED.jpg,BADLY_MASKED,"[[88, 78, 359, 359]]","[[154, 189, 86, 86], [314, 191, 70, 70]]"
Image_creator_script/img_faces_only 2.0/badly_masked_images/1img11_BADLY_MASKED.jpg,BADLY_MASKED,"[[90, 99, 359, 359]]","[[329, 206, 78, 78], [161, 211, 81, 81]]"
Image_creator_script/img_faces_only 2.0/badly_masked_images/1img12_BADLY_MASKED.jpg,BADLY_MASKED,"[[49, 69, 414, 414]]","[[296, 207, 76, 76], [127, 200, 93, 93]]"
Image_creator_script/img_faces_only 2.0/badly_masked_images/1img13_BADLY_MASKED.jpg,BADLY_MASKED,"[[59, 84, 386, 386]]","[[296, 205, 77, 77], [132, 207, 86, 86]]"
Image_creator_script/img_faces_only 2.0/badly_masked_images/1img14_BADLY_MASKED.jpg,BADLY_MASKED,"[[48, 92, 397, 397]]","[[118, 217, 92, 92], [292, 216, 74, 74]]"
Image_creator_script/img_faces_only 2.0/badly_masked_images/1img15_BADLY_MASKED.jpg,BADLY_MASKED,"[[19, 104, 414, 414]]","[[261, 232, 72, 72], [106, 237, 81, 81]]"
Image_creator_script/img_faces_only 2.0/badly_masked_images/1img16_BADLY_MASKED.jpg,BADLY_MASKED,"[[60, 117, 393, 393]]","[[146, 229, 83, 83], [300, 229, 70, 70]]"
Image_creator_script/img_faces_only 2.0/badly_masked_images/1img17_BADLY_MASKED.jpg,BADLY_MASKED,"[[72, 160, 335, 335]]","[[133, 258, 79, 79], [279, 255, 64, 64]]"
Image_creator_script/img_faces_only 2.0/badly_masked_images/3img0_BADLY_MASKED.jpg,BADLY_MASKED,"[[76, 129, 331, 331]]","[[120, 232, 64, 64], [266, 218, 69, 69]]"
Image_creator_script/img_faces_only 2.0/badly_masked_images/3img1_BADLY_MASKED.jpg,BADLY_MASKED,"[[73, 128, 318, 318]]","[[113, 224, 74, 74], [259, 216, 69, 69]]"
Image_creator_script/img_faces_only 2.0/badly_masked_images/3img2_BADLY_MASKED.jpg,BADLY_MASKED,"[[72, 136, 306, 306]]","[[114, 230, 63, 63], [255, 213, 75, 75]]"
Image_creator_script/img_faces_only 2.0/badly_masked_images/3img3_BADLY_MASKED.jpg,BADLY_MASKED,"[[57, 122, 331, 331]]","[[253, 211, 73, 73], [112, 227, 69, 69]]"
Image_creator_script/img_faces_only 2.0/badly_masked_images/3img4_BADLY_MASKED.jpg,BADLY_MASKED,"[[57, 124, 331, 331]]","[[253, 215, 66, 66], [102, 225, 74, 74]]"
Image_creator_script/img_faces_only 2.0/badly_masked_images/3img5_BADLY_MASKED.jpg,BADLY_MASKED,"[[73, 140, 293, 293]]","[[104, 229, 66, 66], [247, 214, 68, 68]]"
Image_creator_script/img_faces_only 2.0/badly_masked_images/3img6_BADLY_MASKED.jpg,BADLY_MASKED,"[[62, 117, 331, 331]]","[[249, 209, 67, 67], [109, 216, 75, 75]]"
Image_creator_script/img_faces_only 2.0/badly_masked_images/3img7_BADLY_MASKED.jpg,BADLY_MASKED,"[[75, 121, 318, 318]]","[[121, 219, 67, 67], [265, 212, 66, 66]]"
Image_creator_script/img_faces_only 2.0/badly_masked_images/3img8_BADLY_MASKED.jpg,BADLY_MASKED,"[[82, 117, 318, 318]]","[[268, 210, 66, 66], [125, 213, 72, 72]]"
Image_creator_script/img_faces_only 2.0/badly_masked_images/3img9_BADLY_MASKED.jpg,BADLY_MASKED,"[[91, 120, 309, 309]]","[[274, 214, 61, 61], [130, 215, 68, 68]]"
Image_creator_script/img_faces_only 2.0/badly_masked_images/3img10_BADLY_MASKED.jpg,BADLY_MASKED,"[[108, 136, 280, 280]]","[[271, 217, 63, 63], [127, 216, 69, 69]]"
Image_creator_script/img_faces_only 2.0/badly_masked_images/3img11_BADLY_MASKED.jpg,BADLY_MASKED,"[[96, 123, 306, 306]]","[[127, 214, 72, 72], [270, 216, 65, 65]]"
Image_creator_script/img_faces_only 2.0/badly_masked_images/3img12_BADLY_MASKED.jpg,BADLY_MASKED,"[[108, 134, 280, 280]]","[[128, 214, 73, 73], [268, 216, 65, 65]]"
Image_creator_script/img_faces_only 2.0/badly_masked_images/3img13_BADLY_MASKED.jpg,BADLY_MASKED,"[[83, 132, 306, 306]]","[[257, 219, 67, 67], [119, 220, 70, 70]]"
Image_creator_script/img_faces_only 2.0/badly_masked_images/3img14_BADLY_MASKED.jpg,BADLY_MASKED,"[[71, 140, 302, 302]]","[[251, 229, 66, 66], [108, 235, 67, 67]]"
Image_creator_script/img_faces_only 2.0/badly_masked_images/3img15_BADLY_MASKED.jpg,BADLY_MASKED,"[[92, 162, 280, 280]]","[[257, 237, 64, 64], [115, 238, 73, 73]]"
Image_creator_script/img_faces_only 2.0/badly_masked_images/3img16_BADLY_MASKED.jpg,BADLY_MASKED,"[[88, 158, 288, 288]]","[[257, 236, 67, 67], [120, 244, 68, 68]]"
Image_creator_script/img_faces_only 2.0/badly_masked_images/3img17_BADLY_MASKED.jpg,BADLY_MASKED,"[[93, 158, 293, 293]]","[[262, 242, 62, 62], [126, 242, 71, 71]]"
Image_creator_script/img_faces_only 2.0/badly_masked_images/3img18_BADLY_MASKED.jpg,BADLY_MASKED,"[[81, 173, 306, 306]]","[[265, 258, 66, 66], [128, 271, 65, 65]]"
Image_creator_script/img_faces_only 2.0/badly_masked_images/3img19_BADLY_MASKED.jpg,BADLY_MASKED,"[[83, 165, 331, 331]]","[[274, 253, 74, 74], [127, 260, 76, 76]]"
Image_creator_script/img_faces_only 2.0/badly_masked_images/3img20_BADLY_MASKED.jpg,BADLY_MASKED,"[[90, 176, 306, 306]]","[[123, 259, 72, 72], [275, 252, 74, 74]]"
Image_creator_script/img_faces_only 2.0/badly_masked_images/3img21_BADLY_MASKED.jpg,BADLY_MASKED,"[[85, 165, 309, 309]]","[[273, 244, 72, 72], [128, 253, 69, 69]]"
Image_creator_script/img_faces_only 2.0/badly_masked_images/3img22_BADLY_MASKED.jpg,BADLY_MASKED,"[[76, 143, 331, 331]]","[[273, 235, 62, 62], [132, 237, 70, 70]]"
Image_creator_script/img_faces_only 2.0/badly_masked_images/3img23_BADLY_MASKED.jpg,BADLY_MASKED,"[[71, 128, 331, 331]]","[[268, 221, 66, 66], [123, 224, 71, 71]]"
Image_creator_script/img_faces_only 2.0/badly_masked_images/3img24_BADLY_MASKED.jpg,BADLY_MASKED,"[[73, 116, 331, 331]]","[[268, 214, 64, 64], [120, 215, 71, 71]]"
Image_creator_script/img_faces_only 2.0/badly_masked_images/3img25_BADLY_MASKED.jpg,BADLY_MASKED,"[[86, 124, 306, 306]]","[[271, 215, 61, 61], [124, 211, 74, 74]]"
Image_creator_script/img_faces_only 2.0/badly_masked_images/3img26_BADLY_MASKED.jpg,BADLY_MASKED,"[[78, 116, 320, 320]]","[[270, 211, 63, 63], [127, 211, 71, 71]]"
Image_creator_script/img_faces_only 2.0/badly_masked_images/3img27_BADLY_MASKED.jpg,BADLY_MASKED,"[[92, 119, 293, 293]]","[[120, 202, 76, 76], [273, 207, 62, 62]]"
Image_creator_script/img_faces_only 2.0/badly_masked_images/3img28_BADLY_MASKED.jpg,BADLY_MASKED,"[[106, 123, 280, 280]]","[[272, 205, 61, 61], [121, 199, 78, 78]]"
